asof_ts,source_symbol,destination_symbol,destination_score,destination_eligible,destination_confidence,destination_exclusion_reasons,aplus_state,aplus_freshness,curve_sanity_label,source_rotation_state,destination_policy_label,return_1h,return_4h,return_24h,return_72h,max_adverse_excursion_24h,max_favorable_excursion_24h
2026-05-13T21:27:15.648876Z,HYPE,INJ,9.30,0,MARKET_ONLY_DESTINATION,EXCLUDED_SETUP_FAIL;EXCLUDED_DOWN_LEG_TARGET,APLUS_CANONICAL_CORE,FRESH,CURVE_DOWN_PRESSURE,EXIT_CANDIDATE,ALLOW_OR_UNBLOCKED,0.061529,0.061529,0.918372,-7.465476,-4.420947,4.286496
2026-05-13T21:27:15.648876Z,HYPE,NEAR,5.42,0,MARKET_ONLY_DESTINATION,EXCLUDED_SETUP_FAIL;EXCLUDED_DOWN_LEG_TARGET,APLUS_CAUTION,FRESH,CURVE_DOWN_PRESSURE,EXIT_CANDIDATE,ALLOW_OR_UNBLOCKED,-0.399438,-0.399438,0.147940,-4.504771,-2.847844,3.432207
2026-05-13T21:27:15.648876Z,HYPE,SOL,3.86,0,MEDIUM_CONFIDENCE_DESTINATION,EXCLUDED_SETUP_FAIL,APLUS_CAUTION,FRESH,CURVE_UP_CONFIRMED,EXIT_CANDIDATE,ALLOW_OR_UNBLOCKED,0.185400,0.185400,2.448822,-3.906270,-1.287498,3.298571
2026-05-13T21:27:15.648876Z,HYPE,TAO,3.04,0,MARKET_ONLY_DESTINATION,EXCLUDED_SETUP_FAIL;EXCLUDED_NEGATIVE_TARGET_DISTANCE;EXCLUDED_CRITICAL_CONTEXT,APLUS_CANONICAL_CORE,FRESH,CURVE_DOWN_PRESSURE,EXIT_CANDIDATE,ALLOW_OR_UNBLOCKED,0.438824,0.438824,4.344357,-5.285834,-0.406909,5.569075
2026-05-13T21:27:15.648876Z,NEAR,INJ,9.30,0,MARKET_ONLY_DESTINATION,EXCLUDED_SETUP_FAIL;EXCLUDED_DOWN_LEG_TARGET,APLUS_CANONICAL_CORE,FRESH,CURVE_DOWN_PRESSURE,HOLD_REVIEW,ALLOW_OR_UNBLOCKED,0.061529,0.061529,0.918372,-7.465476,-4.420947,4.286496
2026-05-13T21:27:15.648876Z,RENDER,INJ,9.30,0,MARKET_ONLY_DESTINATION,EXCLUDED_SETUP_FAIL;EXCLUDED_DOWN_LEG_TARGET,APLUS_CANONICAL_CORE,FRESH,CURVE_DOWN_PRESSURE,REDUCE_REVIEW_TARGET_REACHED,ALLOW_OR_UNBLOCKED,0.061529,0.061529,0.918372,-7.465476,-4.420947,4.286496
2026-05-13T21:27:15.648876Z,RENDER,NEAR,5.42,0,MARKET_ONLY_DESTINATION,EXCLUDED_SETUP_FAIL;EXCLUDED_DOWN_LEG_TARGET,APLUS_CAUTION,FRESH,CURVE_DOWN_PRESSURE,REDUCE_REVIEW_TARGET_REACHED,ALLOW_OR_UNBLOCKED,-0.399438,-0.399438,0.147940,-4.504771,-2.847844,3.432207
2026-05-13T21:27:15.648876Z,RENDER,SOL,3.86,0,MEDIUM_CONFIDENCE_DESTINATION,EXCLUDED_SETUP_FAIL,APLUS_CAUTION,FRESH,CURVE_UP_CONFIRMED,REDUCE_REVIEW_TARGET_REACHED,ALLOW_OR_UNBLOCKED,0.185400,0.185400,2.448822,-3.906270,-1.287498,3.298571
2026-05-13T21:27:15.648876Z,RENDER,TAO,3.04,0,MARKET_ONLY_DESTINATION,EXCLUDED_SETUP_FAIL;EXCLUDED_NEGATIVE_TARGET_DISTANCE;EXCLUDED_CRITICAL_CONTEXT,APLUS_CANONICAL_CORE,FRESH,CURVE_DOWN_PRESSURE,REDUCE_REVIEW_TARGET_REACHED,ALLOW_OR_UNBLOCKED,0.438824,0.438824,4.344357,-5.285834,-0.406909,5.569075
2026-05-13T21:27:15.648876Z,SOL,INJ,9.30,0,MARKET_ONLY_DESTINATION,EXCLUDED_SETUP_FAIL;EXCLUDED_DOWN_LEG_TARGET,APLUS_CANONICAL_CORE,FRESH,CURVE_DOWN_PRESSURE,HOLD,ALLOW_OR_UNBLOCKED,0.061529,0.061529,0.918372,-7.465476,-4.420947,4.286496
2026-05-13T21:27:15.648876Z,SOL,NEAR,5.42,0,MARKET_ONLY_DESTINATION,EXCLUDED_SETUP_FAIL;EXCLUDED_DOWN_LEG_TARGET,APLUS_CAUTION,FRESH,CURVE_DOWN_PRESSURE,HOLD,ALLOW_OR_UNBLOCKED,-0.399438,-0.399438,0.147940,-4.504771,-2.847844,3.432207
2026-05-13T21:27:15.648876Z,TAO,INJ,9.30,0,MARKET_ONLY_DESTINATION,EXCLUDED_SETUP_FAIL;EXCLUDED_DOWN_LEG_TARGET,APLUS_CANONICAL_CORE,FRESH,CURVE_DOWN_PRESSURE,REDUCE_CANDIDATE,ALLOW_OR_UNBLOCKED,0.061529,0.061529,0.918372,-7.465476,-4.420947,4.286496
2026-05-13T21:27:15.648876Z,TAO,NEAR,5.42,0,MARKET_ONLY_DESTINATION,EXCLUDED_SETUP_FAIL;EXCLUDED_DOWN_LEG_TARGET,APLUS_CAUTION,FRESH,CURVE_DOWN_PRESSURE,REDUCE_CANDIDATE,ALLOW_OR_UNBLOCKED,-0.399438,-0.399438,0.147940,-4.504771,-2.847844,3.432207
2026-05-13T21:27:15.648876Z,TAO,SOL,3.86,0,MEDIUM_CONFIDENCE_DESTINATION,EXCLUDED_SETUP_FAIL,APLUS_CAUTION,FRESH,CURVE_UP_CONFIRMED,REDUCE_CANDIDATE,ALLOW_OR_UNBLOCKED,0.185400,0.185400,2.448822,-3.906270,-1.287498,3.298571
2026-05-15T12:36:28.534551Z,INJ,HYPE,2.97,0,LOW_CONFIDENCE_DESTINATION,EXCLUDED_SETUP_FAIL;EXCLUDED_DOWN_LEG_TARGET,APLUS_UNKNOWN,FRESH,CURVE_DOWN_PRESSURE,REDUCE_CANDIDATE,ALLOW_OR_UNBLOCKED,-3.442130,-3.442130,-10.524976,-0.534650,-11.497530,0.063649
2026-05-15T12:36:28.534551Z,NEAR,HYPE,2.97,0,LOW_CONFIDENCE_DESTINATION,EXCLUDED_SETUP_FAIL;EXCLUDED_DOWN_LEG_TARGET,APLUS_UNKNOWN,FRESH,CURVE_DOWN_PRESSURE,REDUCE_CANDIDATE,ALLOW_OR_UNBLOCKED,-3.442130,-3.442130,-10.524976,-0.534650,-11.497530,0.063649
2026-05-15T12:36:28.534551Z,NEAR,INJ,2.94,0,LOW_CONFIDENCE_DESTINATION,EXCLUDED_SETUP_FAIL;EXCLUDED_DOWN_LEG_TARGET,APLUS_UNKNOWN,FRESH,CURVE_DOWN_PRESSURE,REDUCE_CANDIDATE,ALLOW_OR_UNBLOCKED,-5.815175,-5.815175,-9.442237,-10.424375,-10.508885,-0.027409
2026-05-15T12:36:28.534551Z,RENDER,HYPE,2.97,0,LOW_CONFIDENCE_DESTINATION,EXCLUDED_SETUP_FAIL;EXCLUDED_DOWN_LEG_TARGET,APLUS_UNKNOWN,FRESH,CURVE_DOWN_PRESSURE,REDUCE_CANDIDATE,ALLOW_OR_UNBLOCKED,-3.442130,-3.442130,-10.524976,-0.534650,-11.497530,0.063649
2026-05-15T12:36:28.534551Z,RENDER,INJ,2.94,0,LOW_CONFIDENCE_DESTINATION,EXCLUDED_SETUP_FAIL;EXCLUDED_DOWN_LEG_TARGET,APLUS_UNKNOWN,FRESH,CURVE_DOWN_PRESSURE,REDUCE_CANDIDATE,ALLOW_OR_UNBLOCKED,-5.815175,-5.815175,-9.442237,-10.424375,-10.508885,-0.027409
2026-05-15T12:36:28.534551Z,RENDER,NEAR,2.82,0,LOW_CONFIDENCE_DESTINATION,EXCLUDED_SETUP_FAIL;EXCLUDED_DOWN_LEG_TARGET,APLUS_UNKNOWN,FRESH,CURVE_DOWN_PRESSURE,REDUCE_CANDIDATE,ALLOW_OR_UNBLOCKED,-2.043260,-2.043260,-3.704813,-2.492328,-4.685278,1.459472
2026-05-15T12:36:28.534551Z,RENDER,SOL,-1.55,0,LOW_CONFIDENCE_DESTINATION,EXCLUDED_SETUP_FAIL;EXCLUDED_DOWN_LEG_TARGET,APLUS_UNKNOWN,FRESH,CURVE_DOWN_PRESSURE,REDUCE_CANDIDATE,ALLOW_OR_UNBLOCKED,-2.399888,-2.399888,-5.495654,-7.004665,-6.164768,0.015294
2026-05-15T12:36:28.534551Z,RENDER,TAO,-1.55,0,LOW_CONFIDENCE_DESTINATION,EXCLUDED_SETUP_FAIL;EXCLUDED_DOWN_LEG_TARGET,APLUS_UNKNOWN,FRESH,CURVE_DOWN_PRESSURE,REDUCE_CANDIDATE,ALLOW_OR_UNBLOCKED,-4.569570,-4.569570,-9.263060,-14.037873,-10.738489,-0.023235
2026-05-15T12:36:28.534551Z,SOL,HYPE,2.97,0,LOW_CONFIDENCE_DESTINATION,EXCLUDED_SETUP_FAIL;EXCLUDED_DOWN_LEG_TARGET,APLUS_UNKNOWN,FRESH,CURVE_DOWN_PRESSURE,REDUCE_CANDIDATE,ALLOW_OR_UNBLOCKED,-3.442130,-3.442130,-10.524976,-0.534650,-11.497530,0.063649
2026-05-15T12:36:28.534551Z,SOL,INJ,2.94,0,LOW_CONFIDENCE_DESTINATION,EXCLUDED_SETUP_FAIL;EXCLUDED_DOWN_LEG_TARGET,APLUS_UNKNOWN,FRESH,CURVE_DOWN_PRESSURE,REDUCE_CANDIDATE,ALLOW_OR_UNBLOCKED,-5.815175,-5.815175,-9.442237,-10.424375,-10.508885,-0.027409
2026-05-15T12:36:28.534551Z,SOL,NEAR,2.82,0,LOW_CONFIDENCE_DESTINATION,EXCLUDED_SETUP_FAIL;EXCLUDED_DOWN_LEG_TARGET,APLUS_UNKNOWN,FRESH,CURVE_DOWN_PRESSURE,REDUCE_CANDIDATE,ALLOW_OR_UNBLOCKED,-2.043260,-2.043260,-3.704813,-2.492328,-4.685278,1.459472
2026-05-15T12:36:28.534551Z,TAO,HYPE,2.97,0,LOW_CONFIDENCE_DESTINATION,EXCLUDED_SETUP_FAIL;EXCLUDED_DOWN_LEG_TARGET,APLUS_UNKNOWN,FRESH,CURVE_DOWN_PRESSURE,REDUCE_CANDIDATE,ALLOW_OR_UNBLOCKED,-3.442130,-3.442130,-10.524976,-0.534650,-11.497530,0.063649
2026-05-15T12:36:28.534551Z,TAO,INJ,2.94,0,LOW_CONFIDENCE_DESTINATION,EXCLUDED_SETUP_FAIL;EXCLUDED_DOWN_LEG_TARGET,APLUS_UNKNOWN,FRESH,CURVE_DOWN_PRESSURE,REDUCE_CANDIDATE,ALLOW_OR_UNBLOCKED,-5.815175,-5.815175,-9.442237,-10.424375,-10.508885,-0.027409
2026-05-15T12:36:28.534551Z,TAO,NEAR,2.82,0,LOW_CONFIDENCE_DESTINATION,EXCLUDED_SETUP_FAIL;EXCLUDED_DOWN_LEG_TARGET,APLUS_UNKNOWN,FRESH,CURVE_DOWN_PRESSURE,REDUCE_CANDIDATE,ALLOW_OR_UNBLOCKED,-2.043260,-2.043260,-3.704813,-2.492328,-4.685278,1.459472
2026-05-15T12:36:28.534551Z,TAO,SOL,-1.55,0,LOW_CONFIDENCE_DESTINATION,EXCLUDED_SETUP_FAIL;EXCLUDED_DOWN_LEG_TARGET,APLUS_UNKNOWN,FRESH,CURVE_DOWN_PRESSURE,REDUCE_CANDIDATE,ALLOW_OR_UNBLOCKED,-2.399888,-2.399888,-5.495654,-7.004665,-6.164768,0.015294
2026-05-16T14:15:28.246530Z,HYPE,NEAR,1.53,0,LOW_CONFIDENCE_DESTINATION,EXCLUDED_SETUP_FAIL;EXCLUDED_NEGATIVE_TARGET_DISTANCE;EXCLUDED_CRITICAL_CONTEXT,APLUS_UNKNOWN,FRESH,CURVE_DOWN_PRESSURE,HOLD_REVIEW,ALLOW_OR_UNBLOCKED,-0.170993,-0.170993,3.901757,6.622105,-1.134774,4.150474
2026-05-16T14:15:28.246530Z,HYPE,INJ,1.31,0,LOW_CONFIDENCE_DESTINATION,EXCLUDED_SETUP_FAIL;EXCLUDED_CRITICAL_CONTEXT,APLUS_UNKNOWN,FRESH,CURVE_DOWN_PRESSURE,HOLD_REVIEW,ALLOW_OR_UNBLOCKED,1.082022,1.082022,4.476897,5.510997,-0.085755,8.111380
2026-05-16T14:15:28.246530Z,INJ,NEAR,1.53,0,LOW_CONFIDENCE_DESTINATION,EXCLUDED_SETUP_FAIL;EXCLUDED_NEGATIVE_TARGET_DISTANCE;EXCLUDED_CRITICAL_CONTEXT,APLUS_UNKNOWN,FRESH,CURVE_DOWN_PRESSURE,REDUCE_CANDIDATE,ALLOW_OR_UNBLOCKED,-0.170993,-0.170993,3.901757,6.622105,-1.134774,4.150474
2026-05-16T14:15:28.246530Z,RENDER,NEAR,1.53,0,LOW_CONFIDENCE_DESTINATION,EXCLUDED_SETUP_FAIL;EXCLUDED_NEGATIVE_TARGET_DISTANCE;EXCLUDED_CRITICAL_CONTEXT,APLUS_UNKNOWN,FRESH,CURVE_DOWN_PRESSURE,EXIT_CANDIDATE,ALLOW_OR_UNBLOCKED,-0.170993,-0.170993,3.901757,6.622105,-1.134774,4.150474
2026-05-16T14:15:28.246530Z,RENDER,INJ,1.31,0,LOW_CONFIDENCE_DESTINATION,EXCLUDED_SETUP_FAIL;EXCLUDED_CRITICAL_CONTEXT,APLUS_UNKNOWN,FRESH,CURVE_DOWN_PRESSURE,EXIT_CANDIDATE,ALLOW_OR_UNBLOCKED,1.082022,1.082022,4.476897,5.510997,-0.085755,8.111380
2026-05-16T14:15:28.246530Z,RENDER,HYPE,1.27,0,LOW_CONFIDENCE_DESTINATION,EXCLUDED_SETUP_FAIL,APLUS_UNKNOWN,FRESH,CURVE_WEAK,EXIT_CANDIDATE,ALLOW_OR_UNBLOCKED,0.227635,0.227635,5.161621,16.998634,-0.469497,6.550193
2026-05-16T14:15:28.246530Z,SOL,NEAR,1.53,0,LOW_CONFIDENCE_DESTINATION,EXCLUDED_SETUP_FAIL;EXCLUDED_NEGATIVE_TARGET_DISTANCE;EXCLUDED_CRITICAL_CONTEXT,APLUS_UNKNOWN,FRESH,CURVE_DOWN_PRESSURE,EXIT_CANDIDATE,ALLOW_OR_UNBLOCKED,-0.170993,-0.170993,3.901757,6.622105,-1.134774,4.150474
2026-05-16T14:15:28.246530Z,SOL,INJ,1.31,0,LOW_CONFIDENCE_DESTINATION,EXCLUDED_SETUP_FAIL;EXCLUDED_CRITICAL_CONTEXT,APLUS_UNKNOWN,FRESH,CURVE_DOWN_PRESSURE,EXIT_CANDIDATE,ALLOW_OR_UNBLOCKED,1.082022,1.082022,4.476897,5.510997,-0.085755,8.111380
2026-05-16T14:15:28.246530Z,SOL,HYPE,1.27,0,LOW_CONFIDENCE_DESTINATION,EXCLUDED_SETUP_FAIL,APLUS_UNKNOWN,FRESH,CURVE_WEAK,EXIT_CANDIDATE,ALLOW_OR_UNBLOCKED,0.227635,0.227635,5.161621,16.998634,-0.469497,6.550193
2026-05-16T14:15:28.246530Z,TAO,NEAR,1.53,0,LOW_CONFIDENCE_DESTINATION,EXCLUDED_SETUP_FAIL;EXCLUDED_NEGATIVE_TARGET_DISTANCE;EXCLUDED_CRITICAL_CONTEXT,APLUS_UNKNOWN,FRESH,CURVE_DOWN_PRESSURE,EXIT_CANDIDATE,ALLOW_OR_UNBLOCKED,-0.170993,-0.170993,3.901757,6.622105,-1.134774,4.150474
2026-05-16T14:15:28.246530Z,TAO,INJ,1.31,0,LOW_CONFIDENCE_DESTINATION,EXCLUDED_SETUP_FAIL;EXCLUDED_CRITICAL_CONTEXT,APLUS_UNKNOWN,FRESH,CURVE_DOWN_PRESSURE,EXIT_CANDIDATE,ALLOW_OR_UNBLOCKED,1.082022,1.082022,4.476897,5.510997,-0.085755,8.111380
2026-05-16T14:15:28.246530Z,TAO,HYPE,1.27,0,LOW_CONFIDENCE_DESTINATION,EXCLUDED_SETUP_FAIL,APLUS_UNKNOWN,FRESH,CURVE_WEAK,EXIT_CANDIDATE,ALLOW_OR_UNBLOCKED,0.227635,0.227635,5.161621,16.998634,-0.469497,6.550193
2026-05-17T18:15:30.972606Z,INJ,HYPE,10.90,0,LOW_CONFIDENCE_DESTINATION,EXCLUDED_DOWN_LEG_TARGET,APLUS_UNKNOWN,AGING,CURVE_DOWN_PRESSURE,REDUCE_CANDIDATE,BLOCK_POLICY_UNCLASSIFIED,7.127436,7.127436,2.286963,17.906549,-0.378495,8.324226
2026-05-17T18:15:30.972606Z,INJ,NEAR,7.31,0,LOW_CONFIDENCE_DESTINATION,EXCLUDED_SETUP_FAIL;EXCLUDED_NEGATIVE_TARGET_DISTANCE;EXCLUDED_CRITICAL_CONTEXT,APLUS_UNKNOWN,AGING,CURVE_DOWN_PRESSURE,REDUCE_CANDIDATE,ALLOW_OR_UNBLOCKED,0.045700,0.045700,-1.104425,10.434915,-3.861680,1.378627
2026-05-17T18:15:30.972606Z,NEAR,HYPE,10.90,0,LOW_CONFIDENCE_DESTINATION,EXCLUDED_DOWN_LEG_TARGET,APLUS_UNKNOWN,AGING,CURVE_DOWN_PRESSURE,REDUCE_CANDIDATE,BLOCK_POLICY_UNCLASSIFIED,7.127436,7.127436,2.286963,17.906549,-0.378495,8.324226
2026-05-17T18:15:30.972606Z,RENDER,HYPE,10.90,0,LOW_CONFIDENCE_DESTINATION,EXCLUDED_DOWN_LEG_TARGET,APLUS_UNKNOWN,AGING,CURVE_DOWN_PRESSURE,REDUCE_CANDIDATE,BLOCK_POLICY_UNCLASSIFIED,7.127436,7.127436,2.286963,17.906549,-0.378495,8.324226
2026-05-17T18:15:30.972606Z,RENDER,NEAR,7.31,0,LOW_CONFIDENCE_DESTINATION,EXCLUDED_SETUP_FAIL;EXCLUDED_NEGATIVE_TARGET_DISTANCE;EXCLUDED_CRITICAL_CONTEXT,APLUS_UNKNOWN,AGING,CURVE_DOWN_PRESSURE,REDUCE_CANDIDATE,ALLOW_OR_UNBLOCKED,0.045700,0.045700,-1.104425,10.434915,-3.861680,1.378627
2026-05-17T18:15:30.972606Z,RENDER,INJ,3.66,0,LOW_CONFIDENCE_DESTINATION,EXCLUDED_SETUP_FAIL;EXCLUDED_DOWN_LEG_TARGET,APLUS_UNKNOWN,AGING,CURVE_DOWN_PRESSURE,REDUCE_CANDIDATE,ALLOW_OR_UNBLOCKED,0.599641,0.599641,-2.410853,8.227864,-5.922686,1.245976
2026-05-17T18:15:30.972606Z,SOL,HYPE,10.90,0,LOW_CONFIDENCE_DESTINATION,EXCLUDED_DOWN_LEG_TARGET,APLUS_UNKNOWN,AGING,CURVE_DOWN_PRESSURE,REDUCE_CANDIDATE,BLOCK_POLICY_UNCLASSIFIED,7.127436,7.127436,2.286963,17.906549,-0.378495,8.324226
2026-05-17T18:15:30.972606Z,SOL,NEAR,7.31,0,LOW_CONFIDENCE_DESTINATION,EXCLUDED_SETUP_FAIL;EXCLUDED_NEGATIVE_TARGET_DISTANCE;EXCLUDED_CRITICAL_CONTEXT,APLUS_UNKNOWN,AGING,CURVE_DOWN_PRESSURE,REDUCE_CANDIDATE,ALLOW_OR_UNBLOCKED,0.045700,0.045700,-1.104425,10.434915,-3.861680,1.378627
2026-05-17T18:15:30.972606Z,SOL,INJ,3.66,0,LOW_CONFIDENCE_DESTINATION,EXCLUDED_SETUP_FAIL;EXCLUDED_DOWN_LEG_TARGET,APLUS_UNKNOWN,AGING,CURVE_DOWN_PRESSURE,REDUCE_CANDIDATE,ALLOW_OR_UNBLOCKED,0.599641,0.599641,-2.410853,8.227864,-5.922686,1.245976
2026-05-17T18:15:30.972606Z,TAO,HYPE,10.90,0,LOW_CONFIDENCE_DESTINATION,EXCLUDED_DOWN_LEG_TARGET,APLUS_UNKNOWN,AGING,CURVE_DOWN_PRESSURE,EXIT_CANDIDATE,BLOCK_POLICY_UNCLASSIFIED,7.127436,7.127436,2.286963,17.906549,-0.378495,8.324226
2026-05-17T18:15:30.972606Z,TAO,NEAR,7.31,0,LOW_CONFIDENCE_DESTINATION,EXCLUDED_SETUP_FAIL;EXCLUDED_NEGATIVE_TARGET_DISTANCE;EXCLUDED_CRITICAL_CONTEXT,APLUS_UNKNOWN,AGING,CURVE_DOWN_PRESSURE,EXIT_CANDIDATE,ALLOW_OR_UNBLOCKED,0.045700,0.045700,-1.104425,10.434915,-3.861680,1.378627
2026-05-17T18:15:30.972606Z,TAO,INJ,3.66,0,LOW_CONFIDENCE_DESTINATION,EXCLUDED_SETUP_FAIL;EXCLUDED_DOWN_LEG_TARGET,APLUS_UNKNOWN,AGING,CURVE_DOWN_PRESSURE,EXIT_CANDIDATE,ALLOW_OR_UNBLOCKED,0.599641,0.599641,-2.410853,8.227864,-5.922686,1.245976
2026-05-18T20:13:23.214030Z,INJ,HYPE,1.00,0,LOW_CONFIDENCE_DESTINATION,EXCLUDED_SETUP_FAIL,APLUS_AVOID,AGING,CURVE_UP_CONFIRMED,HOLD_REVIEW,BLOCK_MARKET_DAMAGE,2.780988,2.780988,5.516756,24.729940,-1.479676,5.830779
2026-05-18T20:13:23.214030Z,NEAR,HYPE,1.00,0,LOW_CONFIDENCE_DESTINATION,EXCLUDED_SETUP_FAIL,APLUS_AVOID,AGING,CURVE_UP_CONFIRMED,RECLAIM_CONFIRMED_REVIEW,BLOCK_MARKET_DAMAGE,2.780988,2.780988,5.516756,24.729940,-1.479676,5.830779
2026-05-18T20:13:23.214030Z,NEAR,INJ,0.00,0,MARKET_ONLY_DESTINATION,EXCLUDED_SETUP_FAIL;EXCLUDED_DOWN_LEG_TARGET,APLUS_CANONICAL_CORE,AGING,CURVE_DOWN_PRESSURE,RECLAIM_CONFIRMED_REVIEW,ALLOW_OR_UNBLOCKED,8.518901,8.518901,3.293516,11.156172,-0.503859,14.732340
2026-05-18T20:13:23.214030Z,RENDER,HYPE,1.00,0,LOW_CONFIDENCE_DESTINATION,EXCLUDED_SETUP_FAIL,APLUS_AVOID,AGING,CURVE_UP_CONFIRMED,REDUCE_CANDIDATE,BLOCK_MARKET_DAMAGE,2.780988,2.780988,5.516756,24.729940,-1.479676,5.830779
2026-05-18T20:13:23.214030Z,RENDER,INJ,0.00,0,MARKET_ONLY_DESTINATION,EXCLUDED_SETUP_FAIL;EXCLUDED_DOWN_LEG_TARGET,APLUS_CANONICAL_CORE,AGING,CURVE_DOWN_PRESSURE,REDUCE_CANDIDATE,ALLOW_OR_UNBLOCKED,8.518901,8.518901,3.293516,11.156172,-0.503859,14.732340
2026-05-18T20:13:23.214030Z,RENDER,NEAR,-0.44,0,MARKET_ONLY_DESTINATION,EXCLUDED_SETUP_FAIL;EXCLUDED_DOWN_LEG_TARGET,APLUS_ANCHOR_CONTEXT,AGING,CURVE_DOWN_PRESSURE,REDUCE_CANDIDATE,ALLOW_OR_UNBLOCKED,3.086603,3.086603,3.693560,22.487047,0.148038,7.416728
2026-05-18T20:13:23.214030Z,SOL,HYPE,1.00,0,LOW_CONFIDENCE_DESTINATION,EXCLUDED_SETUP_FAIL,APLUS_AVOID,AGING,CURVE_UP_CONFIRMED,REDUCE_REVIEW_TARGET_REACHED,BLOCK_MARKET_DAMAGE,2.780988,2.780988,5.516756,24.729940,-1.479676,5.830779
2026-05-18T20:13:23.214030Z,SOL,INJ,0.00,0,MARKET_ONLY_DESTINATION,EXCLUDED_SETUP_FAIL;EXCLUDED_DOWN_LEG_TARGET,APLUS_CANONICAL_CORE,AGING,CURVE_DOWN_PRESSURE,REDUCE_REVIEW_TARGET_REACHED,ALLOW_OR_UNBLOCKED,8.518901,8.518901,3.293516,11.156172,-0.503859,14.732340
2026-05-18T20:13:23.214030Z,SOL,NEAR,-0.44,0,MARKET_ONLY_DESTINATION,EXCLUDED_SETUP_FAIL;EXCLUDED_DOWN_LEG_TARGET,APLUS_ANCHOR_CONTEXT,AGING,CURVE_DOWN_PRESSURE,REDUCE_REVIEW_TARGET_REACHED,ALLOW_OR_UNBLOCKED,3.086603,3.086603,3.693560,22.487047,0.148038,7.416728
2026-05-18T20:13:23.214030Z,TAO,HYPE,1.00,0,LOW_CONFIDENCE_DESTINATION,EXCLUDED_SETUP_FAIL,APLUS_AVOID,AGING,CURVE_UP_CONFIRMED,REDUCE_CANDIDATE,BLOCK_MARKET_DAMAGE,2.780988,2.780988,5.516756,24.729940,-1.479676,5.830779
2026-05-18T20:13:23.214030Z,TAO,INJ,0.00,0,MARKET_ONLY_DESTINATION,EXCLUDED_SETUP_FAIL;EXCLUDED_DOWN_LEG_TARGET,APLUS_CANONICAL_CORE,AGING,CURVE_DOWN_PRESSURE,REDUCE_CANDIDATE,ALLOW_OR_UNBLOCKED,8.518901,8.518901,3.293516,11.156172,-0.503859,14.732340
2026-05-18T20:13:23.214030Z,TAO,NEAR,-0.44,0,MARKET_ONLY_DESTINATION,EXCLUDED_SETUP_FAIL;EXCLUDED_DOWN_LEG_TARGET,APLUS_ANCHOR_CONTEXT,AGING,CURVE_DOWN_PRESSURE,REDUCE_CANDIDATE,ALLOW_OR_UNBLOCKED,3.086603,3.086603,3.693560,22.487047,0.148038,7.416728
2026-05-19T20:14:34.036906Z,HYPE,NEAR,14.79,0,LOW_CONFIDENCE_DESTINATION,EXCLUDED_DOWN_LEG_TARGET,APLUS_ANCHOR_CONTEXT,STALE,CURVE_DOWN_PRESSURE,TARGET_REACHED_REVIEW,ALLOW_OR_UNBLOCKED,-1.470483,-1.470483,3.640517,30.080662,-2.762510,4.839746
2026-05-19T20:14:34.036906Z,HYPE,INJ,13.66,0,LOW_CONFIDENCE_DESTINATION,EXCLUDED_DOWN_LEG_TARGET,APLUS_CANONICAL_CORE,STALE,CURVE_DOWN_PRESSURE,TARGET_REACHED_REVIEW,ALLOW_OR_UNBLOCKED,0.830438,0.830438,2.136772,7.238376,-0.818541,7.588160
2026-05-19T20:14:34.036906Z,INJ,NEAR,14.79,0,LOW_CONFIDENCE_DESTINATION,EXCLUDED_DOWN_LEG_TARGET,APLUS_ANCHOR_CONTEXT,STALE,CURVE_DOWN_PRESSURE,REDUCE_CANDIDATE,ALLOW_OR_UNBLOCKED,-1.470483,-1.470483,3.640517,30.080662,-2.762510,4.839746
2026-05-19T20:14:34.036906Z,RENDER,NEAR,14.79,0,LOW_CONFIDENCE_DESTINATION,EXCLUDED_DOWN_LEG_TARGET,APLUS_ANCHOR_CONTEXT,STALE,CURVE_DOWN_PRESSURE,HOLD_REVIEW,ALLOW_OR_UNBLOCKED,-1.470483,-1.470483,3.640517,30.080662,-2.762510,4.839746
2026-05-19T20:14:34.036906Z,RENDER,INJ,13.66,0,LOW_CONFIDENCE_DESTINATION,EXCLUDED_DOWN_LEG_TARGET,APLUS_CANONICAL_CORE,STALE,CURVE_DOWN_PRESSURE,HOLD_REVIEW,ALLOW_OR_UNBLOCKED,0.830438,0.830438,2.136772,7.238376,-0.818541,7.588160
2026-05-19T20:14:34.036906Z,RENDER,HYPE,12.69,0,LOW_CONFIDENCE_DESTINATION,EXCLUDED_NO_CHASE;EXCLUDED_RECOMPUTE_PENDING,APLUS_AVOID,STALE,CURVE_UP_CONFIRMED,HOLD_REVIEW,BLOCK_RECOMPUTE_PENDING,-1.309461,-1.309461,8.471025,14.137422,-3.316509,8.516261
2026-05-19T20:14:34.036906Z,SOL,NEAR,14.79,0,LOW_CONFIDENCE_DESTINATION,EXCLUDED_DOWN_LEG_TARGET,APLUS_ANCHOR_CONTEXT,STALE,CURVE_DOWN_PRESSURE,REDUCE_CANDIDATE,ALLOW_OR_UNBLOCKED,-1.470483,-1.470483,3.640517,30.080662,-2.762510,4.839746
2026-05-19T20:14:34.036906Z,SOL,INJ,13.66,0,LOW_CONFIDENCE_DESTINATION,EXCLUDED_DOWN_LEG_TARGET,APLUS_CANONICAL_CORE,STALE,CURVE_DOWN_PRESSURE,REDUCE_CANDIDATE,ALLOW_OR_UNBLOCKED,0.830438,0.830438,2.136772,7.238376,-0.818541,7.588160
2026-05-19T20:14:34.036906Z,SOL,HYPE,12.69,0,LOW_CONFIDENCE_DESTINATION,EXCLUDED_NO_CHASE;EXCLUDED_RECOMPUTE_PENDING,APLUS_AVOID,STALE,CURVE_UP_CONFIRMED,REDUCE_CANDIDATE,BLOCK_RECOMPUTE_PENDING,-1.309461,-1.309461,8.471025,14.137422,-3.316509,8.516261
2026-05-19T20:14:34.036906Z,SOL,RENDER,-0.90,0,LOW_CONFIDENCE_DESTINATION,EXCLUDED_SETUP_FAIL;EXCLUDED_DOWN_LEG_TARGET,APLUS_CANONICAL_CORE,STALE,CURVE_DOWN_PRESSURE,REDUCE_CANDIDATE,ALLOW_OR_UNBLOCKED,-0.426100,-0.426100,5.303994,3.421521,-1.341898,6.569575
2026-05-19T20:14:34.036906Z,TAO,NEAR,14.79,0,LOW_CONFIDENCE_DESTINATION,EXCLUDED_DOWN_LEG_TARGET,APLUS_ANCHOR_CONTEXT,STALE,CURVE_DOWN_PRESSURE,REDUCE_CANDIDATE,ALLOW_OR_UNBLOCKED,-1.470483,-1.470483,3.640517,30.080662,-2.762510,4.839746
2026-05-19T20:14:34.036906Z,TAO,INJ,13.66,0,LOW_CONFIDENCE_DESTINATION,EXCLUDED_DOWN_LEG_TARGET,APLUS_CANONICAL_CORE,STALE,CURVE_DOWN_PRESSURE,REDUCE_CANDIDATE,ALLOW_OR_UNBLOCKED,0.830438,0.830438,2.136772,7.238376,-0.818541,7.588160
2026-05-19T20:14:34.036906Z,TAO,HYPE,12.69,0,LOW_CONFIDENCE_DESTINATION,EXCLUDED_NO_CHASE;EXCLUDED_RECOMPUTE_PENDING,APLUS_AVOID,STALE,CURVE_UP_CONFIRMED,REDUCE_CANDIDATE,BLOCK_RECOMPUTE_PENDING,-1.309461,-1.309461,8.471025,14.137422,-3.316509,8.516261
2026-05-19T20:14:34.036906Z,TAO,RENDER,-0.90,0,LOW_CONFIDENCE_DESTINATION,EXCLUDED_SETUP_FAIL;EXCLUDED_DOWN_LEG_TARGET,APLUS_CANONICAL_CORE,STALE,CURVE_DOWN_PRESSURE,REDUCE_CANDIDATE,ALLOW_OR_UNBLOCKED,-0.426100,-0.426100,5.303994,3.421521,-1.341898,6.569575
2026-05-20T22:15:34.690433Z,HYPE,INJ,17.60,1,LOW_CONFIDENCE_DESTINATION,,APLUS_CANONICAL_CORE,STALE,CURVE_UP_CONFIRMED,TARGET_REACHED_REVIEW,ALLOW_OR_UNBLOCKED,-3.664617,-3.664617,5.360637,7.205759,-4.878390,6.979778
2026-05-20T22:15:34.690433Z,KITE,INJ,17.60,1,LOW_CONFIDENCE_DESTINATION,,APLUS_CANONICAL_CORE,STALE,CURVE_UP_CONFIRMED,REDUCE_CANDIDATE,ALLOW_OR_UNBLOCKED,-3.664617,-3.664617,5.360637,7.205759,-4.878390,6.979778
2026-05-20T22:15:34.690433Z,KITE,HYPE,15.11,0,LOW_CONFIDENCE_DESTINATION,EXCLUDED_NEGATIVE_TARGET_DISTANCE;EXCLUDED_NO_CHASE;EXCLUDED_RECOMPUTE_PENDING,APLUS_AVOID,STALE,CURVE_UP_CONFIRMED,REDUCE_CANDIDATE,BLOCK_RECOMPUTE_PENDING,3.472344,3.472344,8.977173,10.485075,-2.374890,18.500878
2026-05-20T22:15:34.690433Z,KITE,RENDER,12.94,0,LOW_CONFIDENCE_DESTINATION,EXCLUDED_DOWN_LEG_TARGET;EXCLUDED_RECOMPUTE_PENDING,APLUS_CANONICAL_CORE,STALE,CURVE_DOWN_PRESSURE,REDUCE_CANDIDATE,BLOCK_RECOMPUTE_PENDING,-1.250151,-1.250151,0.911946,0.434835,-2.065467,1.992994
2026-05-20T22:15:34.690433Z,KITE,TAO,12.89,0,LOW_CONFIDENCE_DESTINATION,EXCLUDED_DOWN_LEG_TARGET,APLUS_CANONICAL_CORE,STALE,CURVE_DOWN_PRESSURE,REDUCE_CANDIDATE,ALLOW_OR_UNBLOCKED,-0.905820,-0.905820,3.102646,0.571429,-1.769312,5.231746
2026-05-20T22:15:34.690433Z,KITE,SOL,5.09,0,LOW_CONFIDENCE_DESTINATION,EXCLUDED_SETUP_FAIL,APLUS_AVOID,STALE,CURVE_UP_CONFIRMED,REDUCE_CANDIDATE,BLOCK_CHASE_RISK,0.032419,0.032419,2.015399,-1.130623,-0.707821,2.251790
2026-05-20T22:15:34.690433Z,KITE,NEAR,2.66,0,LOW_CONFIDENCE_DESTINATION,EXCLUDED_SETUP_FAIL;EXCLUDED_SELECTION_NOT_ELIGIBLE;EXCLUDED_DOWN_LEG_TARGET,APLUS_ANCHOR_CONTEXT,STALE,CURVE_DOWN_PRESSURE,REDUCE_CANDIDATE,ALLOW_OR_UNBLOCKED,0.557890,0.557890,13.974792,41.896825,-0.723190,14.394931
2026-05-20T22:15:34.690433Z,NEAR,INJ,17.60,1,LOW_CONFIDENCE_DESTINATION,,APLUS_CANONICAL_CORE,STALE,CURVE_UP_CONFIRMED,RECLAIM_CONFIRMED_REVIEW,ALLOW_OR_UNBLOCKED,-3.664617,-3.664617,5.360637,7.205759,-4.878390,6.979778
2026-05-20T22:15:34.690433Z,NEAR,HYPE,15.11,0,LOW_CONFIDENCE_DESTINATION,EXCLUDED_NEGATIVE_TARGET_DISTANCE;EXCLUDED_NO_CHASE;EXCLUDED_RECOMPUTE_PENDING,APLUS_AVOID,STALE,CURVE_UP_CONFIRMED,RECLAIM_CONFIRMED_REVIEW,BLOCK_RECOMPUTE_PENDING,3.472344,3.472344,8.977173,10.485075,-2.374890,18.500878
2026-05-20T22:15:34.690433Z,NEAR,RENDER,12.94,0,LOW_CONFIDENCE_DESTINATION,EXCLUDED_DOWN_LEG_TARGET;EXCLUDED_RECOMPUTE_PENDING,APLUS_CANONICAL_CORE,STALE,CURVE_DOWN_PRESSURE,RECLAIM_CONFIRMED_REVIEW,BLOCK_RECOMPUTE_PENDING,-1.250151,-1.250151,0.911946,0.434835,-2.065467,1.992994
2026-05-20T22:15:34.690433Z,NEAR,TAO,12.89,0,LOW_CONFIDENCE_DESTINATION,EXCLUDED_DOWN_LEG_TARGET,APLUS_CANONICAL_CORE,STALE,CURVE_DOWN_PRESSURE,RECLAIM_CONFIRMED_REVIEW,ALLOW_OR_UNBLOCKED,-0.905820,-0.905820,3.102646,0.571429,-1.769312,5.231746
2026-05-20T22:15:34.690433Z,NEAR,SOL,5.09,0,LOW_CONFIDENCE_DESTINATION,EXCLUDED_SETUP_FAIL,APLUS_AVOID,STALE,CURVE_UP_CONFIRMED,RECLAIM_CONFIRMED_REVIEW,BLOCK_CHASE_RISK,0.032419,0.032419,2.015399,-1.130623,-0.707821,2.251790
2026-05-20T22:15:34.690433Z,RENDER,INJ,17.60,1,LOW_CONFIDENCE_DESTINATION,,APLUS_CANONICAL_CORE,STALE,CURVE_UP_CONFIRMED,RECLAIM_CONFIRMED_REVIEW,ALLOW_OR_UNBLOCKED,-3.664617,-3.664617,5.360637,7.205759,-4.878390,6.979778
2026-05-20T22:15:34.690433Z,RENDER,HYPE,15.11,0,LOW_CONFIDENCE_DESTINATION,EXCLUDED_NEGATIVE_TARGET_DISTANCE;EXCLUDED_NO_CHASE;EXCLUDED_RECOMPUTE_PENDING,APLUS_AVOID,STALE,CURVE_UP_CONFIRMED,RECLAIM_CONFIRMED_REVIEW,BLOCK_RECOMPUTE_PENDING,3.472344,3.472344,8.977173,10.485075,-2.374890,18.500878
2026-05-20T22:15:34.690433Z,SOL,INJ,17.60,1,LOW_CONFIDENCE_DESTINATION,,APLUS_CANONICAL_CORE,STALE,CURVE_UP_CONFIRMED,TARGET_REACHED_REVIEW,ALLOW_OR_UNBLOCKED,-3.664617,-3.664617,5.360637,7.205759,-4.878390,6.979778
2026-05-20T22:15:34.690433Z,SOL,HYPE,15.11,0,LOW_CONFIDENCE_DESTINATION,EXCLUDED_NEGATIVE_TARGET_DISTANCE;EXCLUDED_NO_CHASE;EXCLUDED_RECOMPUTE_PENDING,APLUS_AVOID,STALE,CURVE_UP_CONFIRMED,TARGET_REACHED_REVIEW,BLOCK_RECOMPUTE_PENDING,3.472344,3.472344,8.977173,10.485075,-2.374890,18.500878
2026-05-20T22:15:34.690433Z,SOL,RENDER,12.94,0,LOW_CONFIDENCE_DESTINATION,EXCLUDED_DOWN_LEG_TARGET;EXCLUDED_RECOMPUTE_PENDING,APLUS_CANONICAL_CORE,STALE,CURVE_DOWN_PRESSURE,TARGET_REACHED_REVIEW,BLOCK_RECOMPUTE_PENDING,-1.250151,-1.250151,0.911946,0.434835,-2.065467,1.992994
2026-05-20T22:15:34.690433Z,SOL,TAO,12.89,0,LOW_CONFIDENCE_DESTINATION,EXCLUDED_DOWN_LEG_TARGET,APLUS_CANONICAL_CORE,STALE,CURVE_DOWN_PRESSURE,TARGET_REACHED_REVIEW,ALLOW_OR_UNBLOCKED,-0.905820,-0.905820,3.102646,0.571429,-1.769312,5.231746
2026-05-20T22:15:34.690433Z,TAO,INJ,17.60,1,LOW_CONFIDENCE_DESTINATION,,APLUS_CANONICAL_CORE,STALE,CURVE_UP_CONFIRMED,HOLD,ALLOW_OR_UNBLOCKED,-3.664617,-3.664617,5.360637,7.205759,-4.878390,6.979778
2026-05-20T22:15:34.690433Z,TAO,HYPE,15.11,0,LOW_CONFIDENCE_DESTINATION,EXCLUDED_NEGATIVE_TARGET_DISTANCE;EXCLUDED_NO_CHASE;EXCLUDED_RECOMPUTE_PENDING,APLUS_AVOID,STALE,CURVE_UP_CONFIRMED,HOLD,BLOCK_RECOMPUTE_PENDING,3.472344,3.472344,8.977173,10.485075,-2.374890,18.500878
2026-05-20T22:15:34.690433Z,TAO,RENDER,12.94,0,LOW_CONFIDENCE_DESTINATION,EXCLUDED_DOWN_LEG_TARGET;EXCLUDED_RECOMPUTE_PENDING,APLUS_CANONICAL_CORE,STALE,CURVE_DOWN_PRESSURE,HOLD,BLOCK_RECOMPUTE_PENDING,-1.250151,-1.250151,0.911946,0.434835,-2.065467,1.992994
2026-05-22T12:14:02.312784Z,HYPE,RENDER,14.98,0,LOW_CONFIDENCE_DESTINATION,EXCLUDED_DOWN_LEG_TARGET;EXCLUDED_RECOMPUTE_PENDING,APLUS_CANONICAL_CORE,VERY_STALE,CURVE_DOWN_PRESSURE,HOLD,BLOCK_RECOMPUTE_PENDING,-0.964132,-0.964132,-10.852224,,-12.740316,3.701578
2026-05-22T12:14:02.312784Z,HYPE,NEAR,14.77,0,LOW_CONFIDENCE_DESTINATION,EXCLUDED_DOWN_LEG_TARGET,APLUS_ANCHOR_CONTEXT,VERY_STALE,CURVE_DOWN_PRESSURE,HOLD,ALLOW_OR_UNBLOCKED,-1.256714,-1.256714,-6.632946,,-9.688690,4.813057
2026-05-22T12:14:02.312784Z,HYPE,KITE,13.90,1,LOW_CONFIDENCE_DESTINATION,,APLUS_UNKNOWN,UNKNOWN,CURVE_WEAK,HOLD,ALLOW_OR_UNBLOCKED,-8.466176,-8.466176,-6.759657,,-19.119150,0.102187
2026-05-22T12:14:02.312784Z,HYPE,INJ,13.46,0,LOW_CONFIDENCE_DESTINATION,EXCLUDED_DOWN_LEG_TARGET,APLUS_CANONICAL_CORE,VERY_STALE,CURVE_DOWN_PRESSURE,HOLD,ALLOW_OR_UNBLOCKED,-1.815441,-1.815441,-8.879078,,-12.133089,4.979003
2026-05-22T12:14:02.312784Z,INJ,RENDER,14.98,0,LOW_CONFIDENCE_DESTINATION,EXCLUDED_DOWN_LEG_TARGET;EXCLUDED_RECOMPUTE_PENDING,APLUS_CANONICAL_CORE,VERY_STALE,CURVE_DOWN_PRESSURE,RECLAIM_CONFIRMED_REVIEW,BLOCK_RECOMPUTE_PENDING,-0.964132,-0.964132,-10.852224,,-12.740316,3.701578
2026-05-22T12:14:02.312784Z,INJ,NEAR,14.77,0,LOW_CONFIDENCE_DESTINATION,EXCLUDED_DOWN_LEG_TARGET,APLUS_ANCHOR_CONTEXT,VERY_STALE,CURVE_DOWN_PRESSURE,RECLAIM_CONFIRMED_REVIEW,ALLOW_OR_UNBLOCKED,-1.256714,-1.256714,-6.632946,,-9.688690,4.813057
2026-05-22T12:14:02.312784Z,INJ,KITE,13.90,1,LOW_CONFIDENCE_DESTINATION,,APLUS_UNKNOWN,UNKNOWN,CURVE_WEAK,RECLAIM_CONFIRMED_REVIEW,ALLOW_OR_UNBLOCKED,-8.466176,-8.466176,-6.759657,,-19.119150,0.102187
2026-05-22T12:14:02.312784Z,KITE,RENDER,14.98,0,LOW_CONFIDENCE_DESTINATION,EXCLUDED_DOWN_LEG_TARGET;EXCLUDED_RECOMPUTE_PENDING,APLUS_CANONICAL_CORE,VERY_STALE,CURVE_DOWN_PRESSURE,HOLD_REVIEW,BLOCK_RECOMPUTE_PENDING,-0.964132,-0.964132,-10.852224,,-12.740316,3.701578
2026-05-22T12:14:02.312784Z,KITE,NEAR,14.77,0,LOW_CONFIDENCE_DESTINATION,EXCLUDED_DOWN_LEG_TARGET,APLUS_ANCHOR_CONTEXT,VERY_STALE,CURVE_DOWN_PRESSURE,HOLD_REVIEW,ALLOW_OR_UNBLOCKED,-1.256714,-1.256714,-6.632946,,-9.688690,4.813057
2026-05-22T12:14:02.312784Z,NEAR,RENDER,14.98,0,LOW_CONFIDENCE_DESTINATION,EXCLUDED_DOWN_LEG_TARGET;EXCLUDED_RECOMPUTE_PENDING,APLUS_CANONICAL_CORE,VERY_STALE,CURVE_DOWN_PRESSURE,RECLAIM_CONFIRMED_REVIEW,BLOCK_RECOMPUTE_PENDING,-0.964132,-0.964132,-10.852224,,-12.740316,3.701578
2026-05-22T12:14:02.312784Z,SOL,RENDER,14.98,0,LOW_CONFIDENCE_DESTINATION,EXCLUDED_DOWN_LEG_TARGET;EXCLUDED_RECOMPUTE_PENDING,APLUS_CANONICAL_CORE,VERY_STALE,CURVE_DOWN_PRESSURE,REDUCE_REVIEW_TARGET_REACHED,BLOCK_RECOMPUTE_PENDING,-0.964132,-0.964132,-10.852224,,-12.740316,3.701578
2026-05-22T12:14:02.312784Z,SOL,NEAR,14.77,0,LOW_CONFIDENCE_DESTINATION,EXCLUDED_DOWN_LEG_TARGET,APLUS_ANCHOR_CONTEXT,VERY_STALE,CURVE_DOWN_PRESSURE,REDUCE_REVIEW_TARGET_REACHED,ALLOW_OR_UNBLOCKED,-1.256714,-1.256714,-6.632946,,-9.688690,4.813057
2026-05-22T12:14:02.312784Z,SOL,KITE,13.90,1,LOW_CONFIDENCE_DESTINATION,,APLUS_UNKNOWN,UNKNOWN,CURVE_WEAK,REDUCE_REVIEW_TARGET_REACHED,ALLOW_OR_UNBLOCKED,-8.466176,-8.466176,-6.759657,,-19.119150,0.102187
2026-05-22T12:14:02.312784Z,SOL,INJ,13.46,0,LOW_CONFIDENCE_DESTINATION,EXCLUDED_DOWN_LEG_TARGET,APLUS_CANONICAL_CORE,VERY_STALE,CURVE_DOWN_PRESSURE,REDUCE_REVIEW_TARGET_REACHED,ALLOW_OR_UNBLOCKED,-1.815441,-1.815441,-8.879078,,-12.133089,4.979003
2026-05-22T12:14:02.312784Z,SOL,HYPE,12.29,1,LOW_CONFIDENCE_DESTINATION,,APLUS_AVOID,VERY_STALE,CURVE_UP_CONFIRMED,REDUCE_REVIEW_TARGET_REACHED,BLOCK_CHASE_RISK,-4.992666,-4.992666,-9.690078,,-11.223498,1.594377
2026-05-22T12:14:02.312784Z,SOL,TAO,3.75,0,LOW_CONFIDENCE_DESTINATION,EXCLUDED_SETUP_FAIL,APLUS_CANONICAL_CORE,VERY_STALE,CURVE_UP_CONFIRMED,REDUCE_REVIEW_TARGET_REACHED,ALLOW_OR_UNBLOCKED,-3.798323,-3.798323,-10.703643,,-13.290159,0.325798
2026-05-22T12:14:02.312784Z,TAO,RENDER,14.98,0,LOW_CONFIDENCE_DESTINATION,EXCLUDED_DOWN_LEG_TARGET;EXCLUDED_RECOMPUTE_PENDING,APLUS_CANONICAL_CORE,VERY_STALE,CURVE_DOWN_PRESSURE,TARGET_REACHED_REVIEW,BLOCK_RECOMPUTE_PENDING,-0.964132,-0.964132,-10.852224,,-12.740316,3.701578
2026-05-22T12:14:02.312784Z,TAO,NEAR,14.77,0,LOW_CONFIDENCE_DESTINATION,EXCLUDED_DOWN_LEG_TARGET,APLUS_ANCHOR_CONTEXT,VERY_STALE,CURVE_DOWN_PRESSURE,TARGET_REACHED_REVIEW,ALLOW_OR_UNBLOCKED,-1.256714,-1.256714,-6.632946,,-9.688690,4.813057
2026-05-22T12:14:02.312784Z,TAO,KITE,13.90,1,LOW_CONFIDENCE_DESTINATION,,APLUS_UNKNOWN,UNKNOWN,CURVE_WEAK,TARGET_REACHED_REVIEW,ALLOW_OR_UNBLOCKED,-8.466176,-8.466176,-6.759657,,-19.119150,0.102187
2026-05-22T12:14:02.312784Z,TAO,INJ,13.46,0,LOW_CONFIDENCE_DESTINATION,EXCLUDED_DOWN_LEG_TARGET,APLUS_CANONICAL_CORE,VERY_STALE,CURVE_DOWN_PRESSURE,TARGET_REACHED_REVIEW,ALLOW_OR_UNBLOCKED,-1.815441,-1.815441,-8.879078,,-12.133089,4.979003
2026-05-22T12:14:02.312784Z,TAO,HYPE,12.29,1,LOW_CONFIDENCE_DESTINATION,,APLUS_AVOID,VERY_STALE,CURVE_UP_CONFIRMED,TARGET_REACHED_REVIEW,BLOCK_CHASE_RISK,-4.992666,-4.992666,-9.690078,,-11.223498,1.594377
2026-05-23T20:14:15.765711Z,HYPE,NEAR,18.51,0,LOW_CONFIDENCE_DESTINATION,EXCLUDED_NO_CHASE,APLUS_ANCHOR_CONTEXT,VERY_STALE,CURVE_UP_CONFIRMED,HOLD,ALLOW_OR_UNBLOCKED,,,,,,
2026-05-23T20:14:15.765711Z,HYPE,INJ,17.84,1,LOW_CONFIDENCE_DESTINATION,,APLUS_CANONICAL_CORE,VERY_STALE,CURVE_UP_CONFIRMED,HOLD,ALLOW_OR_UNBLOCKED,,,,,,
2026-05-23T20:14:15.765711Z,HYPE,TAO,16.56,1,LOW_CONFIDENCE_DESTINATION,,APLUS_CANONICAL_CORE,VERY_STALE,CURVE_UP_CONFIRMED,HOLD,ALLOW_OR_UNBLOCKED,,,,,,
2026-05-23T20:14:15.765711Z,INJ,NEAR,18.51,0,LOW_CONFIDENCE_DESTINATION,EXCLUDED_NO_CHASE,APLUS_ANCHOR_CONTEXT,VERY_STALE,CURVE_UP_CONFIRMED,HOLD,ALLOW_OR_UNBLOCKED,,,,,,
2026-05-23T20:14:15.765711Z,KITE,NEAR,18.51,0,LOW_CONFIDENCE_DESTINATION,EXCLUDED_NO_CHASE,APLUS_ANCHOR_CONTEXT,VERY_STALE,CURVE_UP_CONFIRMED,EXIT_CANDIDATE,ALLOW_OR_UNBLOCKED,,,,,,
2026-05-23T20:14:15.765711Z,KITE,INJ,17.84,1,LOW_CONFIDENCE_DESTINATION,,APLUS_CANONICAL_CORE,VERY_STALE,CURVE_UP_CONFIRMED,EXIT_CANDIDATE,ALLOW_OR_UNBLOCKED,,,,,,
2026-05-23T20:14:15.765711Z,KITE,TAO,16.56,1,LOW_CONFIDENCE_DESTINATION,,APLUS_CANONICAL_CORE,VERY_STALE,CURVE_UP_CONFIRMED,EXIT_CANDIDATE,ALLOW_OR_UNBLOCKED,,,,,,
2026-05-23T20:14:15.765711Z,KITE,HYPE,11.88,1,LOW_CONFIDENCE_DESTINATION,,APLUS_AVOID,VERY_STALE,CURVE_UP_CONFIRMED,EXIT_CANDIDATE,BLOCK_CHASE_RISK,,,,,,
2026-05-23T20:14:15.765711Z,KITE,RENDER,3.08,0,LOW_CONFIDENCE_DESTINATION,EXCLUDED_SETUP_FAIL,APLUS_CANONICAL_CORE,VERY_STALE,CURVE_UP_CONFIRMED,EXIT_CANDIDATE,ALLOW_OR_UNBLOCKED,,,,,,
2026-05-23T20:14:15.765711Z,RENDER,NEAR,18.51,0,LOW_CONFIDENCE_DESTINATION,EXCLUDED_NO_CHASE,APLUS_ANCHOR_CONTEXT,VERY_STALE,CURVE_UP_CONFIRMED,HOLD,ALLOW_OR_UNBLOCKED,,,,,,
2026-05-23T20:14:15.765711Z,RENDER,INJ,17.84,1,LOW_CONFIDENCE_DESTINATION,,APLUS_CANONICAL_CORE,VERY_STALE,CURVE_UP_CONFIRMED,HOLD,ALLOW_OR_UNBLOCKED,,,,,,
2026-05-23T20:14:15.765711Z,RENDER,TAO,16.56,1,LOW_CONFIDENCE_DESTINATION,,APLUS_CANONICAL_CORE,VERY_STALE,CURVE_UP_CONFIRMED,HOLD,ALLOW_OR_UNBLOCKED,,,,,,
2026-05-23T20:14:15.765711Z,RENDER,HYPE,11.88,1,LOW_CONFIDENCE_DESTINATION,,APLUS_AVOID,VERY_STALE,CURVE_UP_CONFIRMED,HOLD,BLOCK_CHASE_RISK,,,,,,
2026-05-23T20:14:15.765711Z,SOL,NEAR,18.51,0,LOW_CONFIDENCE_DESTINATION,EXCLUDED_NO_CHASE,APLUS_ANCHOR_CONTEXT,VERY_STALE,CURVE_UP_CONFIRMED,REDUCE_CANDIDATE,ALLOW_OR_UNBLOCKED,,,,,,
2026-05-23T20:14:15.765711Z,SOL,INJ,17.84,1,LOW_CONFIDENCE_DESTINATION,,APLUS_CANONICAL_CORE,VERY_STALE,CURVE_UP_CONFIRMED,REDUCE_CANDIDATE,ALLOW_OR_UNBLOCKED,,,,,,
2026-05-23T20:14:15.765711Z,SOL,TAO,16.56,1,LOW_CONFIDENCE_DESTINATION,,APLUS_CANONICAL_CORE,VERY_STALE,CURVE_UP_CONFIRMED,REDUCE_CANDIDATE,ALLOW_OR_UNBLOCKED,,,,,,
2026-05-23T20:14:15.765711Z,SOL,HYPE,11.88,1,LOW_CONFIDENCE_DESTINATION,,APLUS_AVOID,VERY_STALE,CURVE_UP_CONFIRMED,REDUCE_CANDIDATE,BLOCK_CHASE_RISK,,,,,,
2026-05-23T20:14:15.765711Z,SOL,RENDER,3.08,0,LOW_CONFIDENCE_DESTINATION,EXCLUDED_SETUP_FAIL,APLUS_CANONICAL_CORE,VERY_STALE,CURVE_UP_CONFIRMED,REDUCE_CANDIDATE,ALLOW_OR_UNBLOCKED,,,,,,
2026-05-23T20:14:15.765711Z,TAO,NEAR,18.51,0,LOW_CONFIDENCE_DESTINATION,EXCLUDED_NO_CHASE,APLUS_ANCHOR_CONTEXT,VERY_STALE,CURVE_UP_CONFIRMED,HOLD,ALLOW_OR_UNBLOCKED,,,,,,
2026-05-23T20:14:15.765711Z,TAO,INJ,17.84,1,LOW_CONFIDENCE_DESTINATION,,APLUS_CANONICAL_CORE,VERY_STALE,CURVE_UP_CONFIRMED,HOLD,ALLOW_OR_UNBLOCKED,,,,,,
